,EMPLOYEE_ID,FIRST_NAME,LAST_NAME,EMAIL,HIRE_DATE,HIRING_STATUS,JOB_ID,SALARY,DEPARTMENT_ID,RESIDENCY_ID
0,198,Donald,OConnell,DOCONNEL,2007-06-21 00:00:00.000000,late hire,SH_CLERK,2600,50,1500
1,199,Douglas,Grant,DGRANT,2008-01-13 00:00:00.000000,late hire,SH_CLERK,2600,50,1500
2,200,Jennifer,Whalen,JWHALEN,2003-09-17 00:00:00.000000,early hire,AD_ASST,4400,10,1700
3,201,Michael,Hartstein,MHARTSTE,2004-02-17 00:00:00.000000,early hire,MK_MAN,13000,20,1000
4,202,Pat,Fay,PFAY,2005-08-17 00:00:00.000000,early hire,MK_REP,6000,20,1800
5,203,Susan,Mavris,SMAVRIS,2002-06-07 00:00:00.000000,early hire,HR_REP,6500,40,2400
6,204,Hermann,Baer,HBAER,2002-06-07 00:00:00.000000,early hire,PR_REP,10000,70,2700
7,205,Shelley,Higgins,SHIGGINS,2002-06-07 00:00:00.000000,early hire,AC_MGR,12008,110,1700
8,206,William,Gietz,WGIETZ,2002-06-07 00:00:00.000000,early hire,AC_ACCOUNT,8300,110,1700
9,100,Steven,King,SKING,2003-06-17 00:00:00.000000,early hire,AD_PRES,24000,0,3000
10,101,Neena,Kochhar,NKOCHHAR,2005-09-21 00:00:00.000000,early hire,AD_VP,17000,90,1700
11,102,Lex,De Haan,LDEHAAN,2001-01-13 00:00:00.000000,early hire,AD_VP,17000,90,1700
12,103,Alexander,Hunold,AHUNOLD,2006-01-03 00:00:00.000000,late hire,IT_PROG,9000,60,1700
13,104,Bruce,Ernst,BERNST,2007-05-21 00:00:00.000000,late hire,IT_PROG,6000,60,1400
14,105,David,Austin,DAUSTIN,2005-06-25 00:00:00.000000,early hire,IT_PROG,4800,60,1800
15,106,Valli,Pataballa,VPATABAL,2006-02-05 00:00:00.000000,late hire,IT_PROG,4800,60,2000
16,107,Diana,Lorentz,DLORENTZ,2007-02-07 00:00:00.000000,late hire,IT_PROG,4200,60,1400
17,108,Nancy,Greenberg,NGREENBE,2002-08-17 00:00:00.000000,early hire,FI_MGR,12008,100,1700
18,109,Daniel,Faviet,DFAVIET,2002-08-16 00:00:00.000000,early hire,FI_ACCOUNT,9000,100,1700
19,110,John,Chen,JCHEN,2005-09-28 00:00:00.000000,early hire,FI_ACCOUNT,8200,100,1700
20,111,Ismael,Sciarra,ISCIARRA,2005-09-30 00:00:00.000000,early hire,FI_ACCOUNT,7700,100,1700
21,112,Jose Manuel,Urman,JMURMAN,2006-03-07 00:00:00.000000,late hire,FI_ACCOUNT,7800,100,1700
22,113,Luis,Popp,LPOPP,2007-12-07 00:00:00.000000,late hire,FI_ACCOUNT,6900,100,1700
23,114,Den,Raphaely,DRAPHEAL,2002-12-07 00:00:00.000000,early hire,PU_MAN,11000,30,1800
24,115,Alexander,Khoo,AKHOO,2003-05-18 00:00:00.000000,early hire,PU_CLERK,3100,30,1900
25,116,Shelli,Baida,SBAIDA,2005-12-24 00:00:00.000000,early hire,PU_CLERK,2900,30,1700
26,117,Sigal,Tobias,STOBIAS,2005-07-24 00:00:00.000000,early hire,PU_CLERK,2800,30,1800
27,118,Guy,Himuro,GHIMURO,2006-11-15 00:00:00.000000,late hire,PU_CLERK,2600,30,1700
28,119,Karen,Colmenares,KCOLMENA,2007-08-10 00:00:00.000000,late hire,PU_CLERK,2500,30,1200
29,120,Matthew,Weiss,MWEISS,2004-07-18 00:00:00.000000,early hire,ST_MAN,8000,50,1900
30,121,Adam,Fripp,AFRIPP,2005-04-10 00:00:00.000000,early hire,ST_MAN,8200,50,1900
31,122,Payam,Kaufling,PKAUFLIN,2003-05-01 00:00:00.000000,early hire,ST_MAN,7900,50,1900
32,123,Shanta,Vollman,SVOLLMAN,2005-10-10 00:00:00.000000,early hire,ST_MAN,6500,50,2400
33,124,Kevin,Mourgos,KMOURGOS,2007-11-16 00:00:00.000000,late hire,ST_MAN,5800,50,2400
34,125,Julia,Nayer,JNAYER,2005-07-16 00:00:00.000000,early hire,ST_CLERK,3200,50,2400
35,126,Irene,Mikkilineni,IMIKKILI,2006-09-28 00:00:00.000000,late hire,ST_CLERK,2700,50,2400
36,127,James,Landry,JLANDRY,2007-01-14 00:00:00.000000,late hire,ST_CLERK,2400,50,2400
37,128,Steven,Markle,SMARKLE,2008-03-08 00:00:00.000000,late hire,ST_CLERK,2200,50,2400
38,129,Laura,Bissot,LBISSOT,2005-08-20 00:00:00.000000,early hire,ST_CLERK,3300,50,2400
39,130,Mozhe,Atkinson,MATKINSO,2005-10-30 00:00:00.000000,early hire,ST_CLERK,2800,50,2400
40,131,James,Marlow,JAMRLOW,2005-02-16 00:00:00.000000,early hire,ST_CLERK,2500,50,2400
41,132,TJ,Olson,TJOLSON,2007-04-10 00:00:00.000000,late hire,ST_CLERK,2100,50,2400
42,133,Jason,Mallin,JMALLIN,2004-06-14 00:00:00.000000,early hire,ST_CLERK,3300,50,1900
43,134,Michael,Rogers,MROGERS,2006-08-26 00:00:00.000000,late hire,ST_CLERK,2900,50,1900
44,135,Ki,Gee,KGEE,2007-12-12 00:00:00.000000,late hire,ST_CLERK,2400,50,1900
45,136,Hazel,Philtanker,HPHILTAN,2008-02-06 00:00:00.000000,late hire,ST_CLERK,2200,50,1900
46,137,Renske,Ladwig,RLADWIG,2003-07-14 00:00:00.000000,early hire,ST_CLERK,3600,50,1900
47,138,Stephen,Stiles,SSTILES,2005-10-26 00:00:00.000000,early hire,ST_CLERK,3200,50,1900
48,139,John,Seo,JSEO,2006-02-12 00:00:00.000000,late hire,ST_CLERK,2700,50,1900
49,140,Joshua,Patel,JPATEL,2006-04-06 00:00:00.000000,late hire,ST_CLERK,2500,50,1900
